Issue Key,Issue Type,Summary,Sprint,Comment Date,Author,Author Name,Author Email,Author Role,Comment Body
DRG-1,Epic,Data Foundations and Ingestion,Sprint 1 (06 Jan - 17 Jan 2025),2025-01-02 09:55:00,geetha.nallamada,Geetha Nallamada,geetha.nallamada@futuristictechnologies.co.uk,Data Analyst,"The constraint that shapes this epic: the LCL dataset is licensed and we cannot assume a reviewer, a new joiner or a CI runner has it. Everything must run end to end on synthetic data that is calibrated to the real thing, or the project is undemonstrable."
DRG-1,Epic,Data Foundations and Ingestion,Sprint 1 (06 Jan - 17 Jan 2025),2025-01-02 11:10:00,devendranath.singam,Devendranath Singam,devendranath.singam@futuristictechnologies.co.uk,DevOps Engineer,"Agreed, and I want that to be the default path rather than a fallback nobody exercises. If the synthetic route is only used in emergencies it will be broken when we need it."
DRG-1,Epic,Data Foundations and Ingestion,Sprint 1 (06 Jan - 17 Jan 2025),2025-03-14 16:18:00,divya.maram,Divya Maram,divya.maram@futuristictechnologies.co.uk,Data Analyst,"Closing. Loader handles LCL, the synthetic generator reproduces its seasonality and household spread, and a clean clone runs with no key and no dataset."
DRG-2,Epic,Neighbourhood Consumption Analysis,Sprint 1 (06 Jan - 17 Jan 2025),2025-01-20 10:30:00,geetha.nallamada,Geetha Nallamada,geetha.nallamada@futuristictechnologies.co.uk,Data Analyst,"The point of this epic is not charts. It is to find out what the weekly cycle looks like, because if weekly seasonality dominates then lag_336 is the single most important feature we will build and everything downstream follows from that."
DRG-2,Epic,Neighbourhood Consumption Analysis,Sprint 1 (06 Jan - 17 Jan 2025),2025-04-25 15:38:00,geetha.nallamada,Geetha Nallamada,geetha.nallamada@futuristictechnologies.co.uk,Data Analyst,"Closed, and it did dominate. That finding drives the feature set, the model choice and eventually the SHAP story."
DRG-3,Epic,Feature Engineering,Sprint 1 (06 Jan - 17 Jan 2025),2025-02-10 09:45:00,divya.maram,Divya Maram,divya.maram@futuristictechnologies.co.uk,Data Analyst,"Every feature in this epic gets one question asked of it: at the moment we would make this prediction in production, is this value knowable? If the answer is no or unclear, it does not go in."
DRG-3,Epic,Feature Engineering,Sprint 1 (06 Jan - 17 Jan 2025),2025-06-06 16:05:00,geetha.nallamada,Geetha Nallamada,geetha.nallamada@futuristictechnologies.co.uk,Data Analyst,Closed. DRG-58 was the reason that question needed a test behind it rather than a habit.
DRG-4,Epic,Forecasting Model Ladder,Sprint 1 (06 Jan - 17 Jan 2025),2025-06-16 09:40:00,geetha.nallamada,Geetha Nallamada,geetha.nallamada@futuristictechnologies.co.uk,Data Analyst,"Naive first, then linear, then trees, then deep - in that order, and each one has to earn its place against the one below it. Starting with XGBoost would mean never finding out that Ridge gets within 0.13 MAE of it for a fraction of the complexity."
DRG-4,Epic,Forecasting Model Ladder,Sprint 1 (06 Jan - 17 Jan 2025),2025-08-11 10:20:00,divya.maram,Divya Maram,divya.maram@futuristictechnologies.co.uk,Data Analyst,"Rolling-origin CV over five expanding folds rather than a single split, so we know the test result is not a lucky window."
DRG-4,Epic,Forecasting Model Ladder,Sprint 1 (06 Jan - 17 Jan 2025),2025-09-19 16:25:00,geetha.nallamada,Geetha Nallamada,geetha.nallamada@futuristictechnologies.co.uk,Data Analyst,"Closed. XGBoost at 0.70 MAE against seasonal naive at 1.54, and the CV band is 0.74 to 0.95 RMSE so the headline is honest."
DRG-5,Epic,Statistical Stress Detection,Sprint 1 (06 Jan - 17 Jan 2025),2025-09-29 10:15:00,geetha.nallamada,Geetha Nallamada,geetha.nallamada@futuristictechnologies.co.uk,Data Analyst,"The honest framing, which goes in the design doc: we do not have transformer ratings, so we cannot say a neighbourhood is over capacity. What we can say is that it is in the top 5% of its own history, and that this is happening ten times more often under an electrification scenario. That is a defensible claim and the other one is not."
DRG-5,Epic,Statistical Stress Detection,Sprint 1 (06 Jan - 17 Jan 2025),2025-11-14 15:45:00,divya.maram,Divya Maram,divya.maram@futuristictechnologies.co.uk,Data Analyst,"Closed. P95 per site, events detected with a minimum duration, and stress-alarm F1 published alongside MAE for every model."
DRG-6,Epic,Electrification Scenario Simulation,Sprint 1 (06 Jan - 17 Jan 2025),2025-11-24 09:50:00,divya.maram,Divya Maram,divya.maram@futuristictechnologies.co.uk,Data Analyst,"The number that will decide whether this is credible is diversity. If EV and heat pump peaks are simply added, we will overstate the problem and a DNO planner will stop reading."
DRG-6,Epic,Electrification Scenario Simulation,Sprint 1 (06 Jan - 17 Jan 2025),2026-01-16 14:20:00,geetha.nallamada,Geetha Nallamada,geetha.nallamada@futuristictechnologies.co.uk,Data Analyst,"And that turned out to be the finding rather than a caveat - see DRG-80. EV alone at 80% gives +154%, heat pumps alone at 70% give +113%, together +237%. Twenty-nine percentage points less than additive."
DRG-6,Epic,Electrification Scenario Simulation,Sprint 1 (06 Jan - 17 Jan 2025),2026-02-13 16:35:00,divya.maram,Divya Maram,divya.maram@futuristictechnologies.co.uk,Data Analyst,"Closed. Five scenarios, ADMD printed per scenario at 1.20 kW per EV and 1.30 kW per heat pump, which lands inside the range DNOs actually plan with."
DRG-7,Epic,Sensitivity Analysis,Sprint 1 (06 Jan - 17 Jan 2025),2026-02-23 10:40:00,geetha.nallamada,Geetha Nallamada,geetha.nallamada@futuristictechnologies.co.uk,Data Analyst,A single scenario number with no sensitivity around it invites the reader to argue about the assumption instead of the conclusion. This epic exists so we can say which assumptions matter and which do not.
DRG-7,Epic,Sensitivity Analysis,Sprint 1 (06 Jan - 17 Jan 2025),2026-04-10 15:15:00,geetha.nallamada,Geetha Nallamada,geetha.nallamada@futuristictechnologies.co.uk,Data Analyst,"Closed. The conclusion is robust to charging behaviour and COP within plausible ranges, and highly sensitive to the adoption rate itself - which is the honest answer and also the one planners can act on."
DRG-8,Epic,Explainable AI,Sprint 1 (06 Jan - 17 Jan 2025),2026-04-20 11:15:00,geetha.nallamada,Geetha Nallamada,geetha.nallamada@futuristictechnologies.co.uk,Data Analyst,"Explaining stress periods separately from all periods is the part I care about. If the drivers differ, that is operationally interesting; if they do not, that is reassuring. Either way it is worth knowing rather than assuming."
DRG-8,Epic,Explainable AI,Sprint 1 (06 Jan - 17 Jan 2025),2026-05-22 15:55:00,divya.maram,Divya Maram,divya.maram@futuristictechnologies.co.uk,Data Analyst,"Closed. lag_336 at 39% globally and 39% during stress, and its share grows on the other lags during stress - high-demand half-hours are strongly recurrent, which is exactly why they are forecastable."
DRG-9,Epic,Near-Real-Time Replay and External Feeds,Sprint 1 (06 Jan - 17 Jan 2025),2026-02-16 09:30:00,devendranath.singam,Devendranath Singam,devendranath.singam@futuristictechnologies.co.uk,DevOps Engineer,"Two rules, both borrowed from painful experience. Event time, never wall clock, or the replay is untestable. And no external feed is allowed to be load-bearing - if the weather API is down, the run degrades and says so, it does not fail."
DRG-9,Epic,Near-Real-Time Replay and External Feeds,Sprint 1 (06 Jan - 17 Jan 2025),2026-03-27 16:05:00,devendranath.singam,Devendranath Singam,devendranath.singam@futuristictechnologies.co.uk,DevOps Engineer,"Closed. Replay reproduces its output exactly across runs and both feeds are key-free, so this works on a laptop with no credentials."
DRG-10,Epic,Forecast and Scenario REST API,Sprint 1 (06 Jan - 17 Jan 2025),2026-05-11 10:20:00,devendranath.singam,Devendranath Singam,devendranath.singam@futuristictechnologies.co.uk,DevOps Engineer,Every response carries the model version and the as-of timestamp. A forecast you cannot trace back to a model artefact is a number you cannot defend three months later when someone asks why the plan said what it said.
DRG-10,Epic,Forecast and Scenario REST API,Sprint 1 (06 Jan - 17 Jan 2025),2026-06-19 15:25:00,geetha.nallamada,Geetha Nallamada,geetha.nallamada@futuristictechnologies.co.uk,Data Analyst,"Closed. Endpoints for forecast, stress, scenario and explanation, all versioned."
DRG-11,Epic,Operator Dashboard,Sprint 1 (06 Jan - 17 Jan 2025),2026-04-27 09:35:00,divya.maram,Divya Maram,divya.maram@futuristictechnologies.co.uk,Data Analyst,"One chart theme before the first chart. Fixed colour per neighbourhood across every page, sequential ramps for magnitude only, and no dual axes - the same rules that stopped us shipping misleading charts elsewhere."
DRG-11,Epic,Operator Dashboard,Sprint 1 (06 Jan - 17 Jan 2025),2026-09-07 11:40:00,divya.maram,Divya Maram,divya.maram@futuristictechnologies.co.uk,Data Analyst,Remaining: the sensitivity page and the operator runbook panel. Everything else has shipped.
DRG-12,Epic,"MLOps: Registry, Gates and Promotion",Sprint 1 (06 Jan - 17 Jan 2025),2026-06-01 10:30:00,devendranath.singam,Devendranath Singam,devendranath.singam@futuristictechnologies.co.uk,DevOps Engineer,"The gate is not a formality. It should have teeth, and it should occasionally stop us shipping something we were pleased with."
DRG-12,Epic,"MLOps: Registry, Gates and Promotion",Sprint 1 (06 Jan - 17 Jan 2025),2026-07-13 14:15:00,geetha.nallamada,Geetha Nallamada,geetha.nallamada@futuristictechnologies.co.uk,Data Analyst,"It already has - DRG-107 was a model with better MAE and worse stress F1, which is precisely the trade the gate exists to catch."
DRG-13,Epic,Azure Deployment and Infrastructure,Sprint 1 (06 Jan - 17 Jan 2025),2026-06-22 09:50:00,devendranath.singam,Devendranath Singam,devendranath.singam@futuristictechnologies.co.uk,DevOps Engineer,Bicep rather than Terraform here because the whole target estate is Azure and the ML workspace is the awkward part - the first-party templates are simply better maintained for AML.
DRG-13,Epic,Azure Deployment and Infrastructure,Sprint 1 (06 Jan - 17 Jan 2025),2026-09-04 15:20:00,devendranath.singam,Devendranath Singam,devendranath.singam@futuristictechnologies.co.uk,DevOps Engineer,Infrastructure deploys clean. The managed endpoint and the scheduled retrain are the two blocks left.
DRG-14,Epic,Engineering Practice and CI/CD,Sprint 1 (06 Jan - 17 Jan 2025),2025-01-13 11:20:00,devendranath.singam,Devendranath Singam,devendranath.singam@futuristictechnologies.co.uk,DevOps Engineer,"run-all exists from week two, not from month twelve. If the full pipeline is not runnable in one command early, every stage after it gets built against a slightly different idea of what came before."
DRG-14,Epic,Engineering Practice and CI/CD,Sprint 1 (06 Jan - 17 Jan 2025),2026-07-31 16:15:00,devendranath.singam,Devendranath Singam,devendranath.singam@futuristictechnologies.co.uk,DevOps Engineer,"Closed. CI runs the full pipeline on synthetic data on every push, in about seven minutes."
DRG-15,Epic,Documentation and Data Governance,Sprint 1 (06 Jan - 17 Jan 2025),2025-02-24 10:10:00,geetha.nallamada,Geetha Nallamada,geetha.nallamada@futuristictechnologies.co.uk,Data Analyst,"The non-goals section is the most important part of the architecture document. DRG does no power-flow modelling, and if that is not stated plainly on page one somebody will eventually present it as if it did."
DRG-15,Epic,Documentation and Data Governance,Sprint 1 (06 Jan - 17 Jan 2025),2026-09-08 10:25:00,amit.shinde,Amit Shinde,amit.shinde@futuristictechnologies.co.uk,Business Analyst,Picking up the business requirements refresh. The original BRD predates about half of what has been built.
DRG-16,Epic,Delivery Management and Governance,Sprint 1 (06 Jan - 17 Jan 2025),2025-01-02 10:05:00,sabitha.lingala,Sabitha Lingala,sabitha.lingala@futuristictechnologies.co.uk,Project Coordinator,"Cadence agreed: two-week sprints from Monday 6 January, planning on the first Monday, review and retro on the second Friday, written standups daily. Monthly stakeholder report on the first working day of the month."
DRG-16,Epic,Delivery Management and Governance,Sprint 1 (06 Jan - 17 Jan 2025),2025-01-02 10:15:00,sabitha.lingala,Sabitha Lingala,sabitha.lingala@futuristictechnologies.co.uk,Project Coordinator,"RAID log is open. First entry is the LCL licence - we do not yet know whether we can redistribute any of it, and a lot depends on the answer."
DRG-16,Epic,Delivery Management and Governance,Sprint 1 (06 Jan - 17 Jan 2025),2026-09-08 09:20:00,sabitha.lingala,Sabitha Lingala,sabitha.lingala@futuristictechnologies.co.uk,Project Coordinator,"Twenty months in. 43 sprints, six people, three of whom joined mid-flight. The onboarding pattern from DRG-99 and DRG-115 is now our standard."
DRG-17,Epic,Quality Engineering and Test Automation,Sprint 38 (08 Jun - 19 Jun 2026),2026-06-15 14:20:00,sabitha.lingala,Sabitha Lingala,sabitha.lingala@futuristictechnologies.co.uk,Project Coordinator,"Cut this the day Neha started rather than folding QA work into other epics, so the coverage gap is visible on the board instead of being everyone's second priority."
DRG-17,Epic,Quality Engineering and Test Automation,Sprint 38 (08 Jun - 19 Jun 2026),2026-06-26 16:10:00,neha.chauhan,Neha Chauhan,neha.chauhan@futuristictechnologies.co.uk,QA Analyst,"First pass of the gap analysis is in. Three areas with no coverage at all: the simulation, the API contract, and anything asserting that a model artefact matches the spec it claims."
DRG-17,Epic,Quality Engineering and Test Automation,Sprint 38 (08 Jun - 19 Jun 2026),2026-09-08 15:40:00,neha.chauhan,Neha Chauhan,neha.chauhan@futuristictechnologies.co.uk,QA Analyst,"Data, features, models and stress now have regression packs. Simulation is in progress, UAT starts next sprint."
DRG-18,Epic,Business Analysis and Stakeholder Enablement,Sprint 43 (17 Aug - 28 Aug 2026),2026-08-17 11:15:00,sabitha.lingala,Sabitha Lingala,sabitha.lingala@futuristictechnologies.co.uk,Project Coordinator,Creating this a week early so there is a real backlog on day one. Amit starts 24 Aug.
DRG-18,Epic,Business Analysis and Stakeholder Enablement,Sprint 43 (17 Aug - 28 Aug 2026),2026-08-25 10:40:00,amit.shinde,Amit Shinde,amit.shinde@futuristictechnologies.co.uk,Business Analyst,First read of the BRD against the repository. The gap is not that things are missing - it is that the document describes an ambition and the code has since answered it more precisely. The refresh is mostly replacing intentions with findings.
DRG-19,Task,"Project kickoff, ways of working and the RAID log",Sprint 1 (06 Jan - 17 Jan 2025),2025-01-02 10:20:00,sabitha.lingala,Sabitha Lingala,sabitha.lingala@futuristictechnologies.co.uk,Project Coordinator,"Definition of done includes 'runnable from the CLI'. On a twenty-month research project the failure mode is a pile of notebooks nobody else can execute, and the cheapest defence is to make runnability part of done from day one."
DRG-19,Task,"Project kickoff, ways of working and the RAID log",Sprint 1 (06 Jan - 17 Jan 2025),2025-01-06 11:30:00,devendranath.singam,Devendranath Singam,devendranath.singam@futuristictechnologies.co.uk,DevOps Engineer,"Strongly agree. I would add that it has to run without the licensed dataset, otherwise 'runnable' means runnable by whoever has the data."
DRG-19,Task,"Project kickoff, ways of working and the RAID log",Sprint 1 (06 Jan - 17 Jan 2025),2025-01-09 15:15:00,sabitha.lingala,Sabitha Lingala,sabitha.lingala@futuristictechnologies.co.uk,Project Coordinator,"Both in. RAID log open with three initial risks: the LCL licence, PyTorch on Windows, and single points of knowledge across a small team."
DRG-20,Story,Repository scaffold and packaging,Sprint 1 (06 Jan - 17 Jan 2025),2025-01-07 10:15:00,devendranath.singam,Devendranath Singam,devendranath.singam@futuristictechnologies.co.uk,DevOps Engineer,src layout rather than a flat package. It costs one line in pyproject and it means a test can never accidentally import the working directory instead of the installed package - which is how you get a green suite against code that would not ship.
DRG-20,Story,Repository scaffold and packaging,Sprint 1 (06 Jan - 17 Jan 2025),2025-01-10 14:35:00,divya.maram,Divya Maram,divya.maram@futuristictechnologies.co.uk,Data Analyst,Verified from a clean venv on Windows and Linux.
DRG-21,Task,"Split dependencies into core, deep, azure and dev tiers",Sprint 1 (06 Jan - 17 Jan 2025),2025-01-13 10:40:00,devendranath.singam,Devendranath Singam,devendranath.singam@futuristictechnologies.co.uk,DevOps Engineer,"Torch is deliberately not in the base install. It is a large download, it is optional to the argument the project is making, and on Windows it needs a system runtime we cannot assume - which is already RAID risk 2 and will bite us later."
DRG-22,Story,Low Carbon London smart-meter loader,Sprint 1 (06 Jan - 17 Jan 2025),2025-01-08 11:20:00,divya.maram,Divya Maram,divya.maram@futuristictechnologies.co.uk,Data Analyst,"Defining the canonical frame first and making both the LCL loader and the synthetic generator targets of it, rather than letting the real loader define the shape and retrofitting synthetic to match. Otherwise the synthetic path is permanently second class."
DRG-22,Story,Low Carbon London smart-meter loader,Sprint 1 (06 Jan - 17 Jan 2025),2025-01-15 09:50:00,geetha.nallamada,Geetha Nallamada,geetha.nallamada@futuristictechnologies.co.uk,Data Analyst,"That is the right call. The moment the two diverge, every result becomes 'which loader produced this?'"
DRG-22,Story,Low Carbon London smart-meter loader,Sprint 1 (06 Jan - 17 Jan 2025),2025-01-17 16:05:00,divya.maram,Divya Maram,divya.maram@futuristictechnologies.co.uk,Data Analyst,"Loaded and validated. It found real gaps in the source, which is DRG-37's problem rather than the loader's - it reports them and does not paper over them."
DRG-23,Task,Review the LCL licence and what may be redistributed,Sprint 1 (06 Jan - 17 Jan 2025),2025-01-20 14:20:00,sabitha.lingala,Sabitha Lingala,sabitha.lingala@futuristictechnologies.co.uk,Project Coordinator,Chasing this. Flagging early that the answer being 'no' is the likely case and we should not plan as if it will be 'yes'.
DRG-23,Task,Review the LCL licence and what may be redistributed,Sprint 1 (06 Jan - 17 Jan 2025),2025-01-31 15:30:00,sabitha.lingala,Sabitha Lingala,sabitha.lingala@futuristictechnologies.co.uk,Project Coordinator,"Answer: no redistribution, no committing extracts, no shipping it in a container. Derived aggregate statistics are fine. So the synthetic generator is not a convenience - it is the only way this project is demonstrable, and DRG-24 moves up the plan accordingly."
DRG-23,Task,Review the LCL licence and what may be redistributed,Sprint 1 (06 Jan - 17 Jan 2025),2025-01-31 16:05:00,geetha.nallamada,Geetha Nallamada,geetha.nallamada@futuristictechnologies.co.uk,Data Analyst,"That is a better outcome than it sounds. It forces the synthetic path to be first class, which means every reviewer, every CI run and every new joiner exercises the same route."
DRG-24,Story,Calibrated synthetic smart-meter generator,Sprint 2 (20 Jan - 31 Jan 2025),2025-01-21 10:30:00,divya.maram,Divya Maram,divya.maram@futuristictechnologies.co.uk,Data Analyst,"Calibrated means the summary statistics match: mean and spread of household daily consumption, the morning and evening peak ratio, the weekday to weekend difference, and the winter to summer amplitude. Those come out of the LCL analysis and go in as targets."
DRG-24,Story,Calibrated synthetic smart-meter generator,Sprint 2 (20 Jan - 31 Jan 2025),2025-01-27 15:15:00,geetha.nallamada,Geetha Nallamada,geetha.nallamada@futuristictechnologies.co.uk,Data Analyst,"Checked the output against the LCL aggregates I have. Load shapes overlay well and the household spread is right. It will not fool anyone into thinking it is real data, and it does not need to - it needs to exercise the same code paths and produce conclusions of the same shape."
DRG-24,Story,Calibrated synthetic smart-meter generator,Sprint 2 (20 Jan - 31 Jan 2025),2025-01-31 16:25:00,divya.maram,Divya Maram,divya.maram@futuristictechnologies.co.uk,Data Analyst,"Done. Full run on synthetic takes about four minutes on a laptop, which keeps CI viable."
DRG-25,Story,CLI and the run-all pipeline,Sprint 2 (20 Jan - 31 Jan 2025),2025-01-22 11:40:00,devendranath.singam,Devendranath Singam,devendranath.singam@futuristictechnologies.co.uk,DevOps Engineer,"Building run-all now, in week three, when there are two stages to orchestrate. Doing it at the end means every stage gets built against a slightly different idea of what the previous one produced, and the integration is then a project of its own."
DRG-25,Story,CLI and the run-all pipeline,Sprint 2 (20 Jan - 31 Jan 2025),2025-02-04 15:45:00,geetha.nallamada,Geetha Nallamada,geetha.nallamada@futuristictechnologies.co.uk,Data Analyst,Accepted. The run report is the part I did not expect to value as much as I do - every headline number in the README regenerates from it.
DRG-26,Story,"Configuration, IO and logging utilities",Sprint 2 (20 Jan - 31 Jan 2025),2025-01-28 09:45:00,devendranath.singam,Devendranath Singam,devendranath.singam@futuristictechnologies.co.uk,DevOps Engineer,"The stress percentile, the adoption rates, the split dates and the seed all live in config.yaml. Anything a reviewer might reasonably want to change should not require reading source."
DRG-27,Bug,Half-hourly index breaks at the British Summer Time change,Sprint 2 (20 Jan - 31 Jan 2025),2025-01-27 11:30:00,geetha.nallamada,Geetha Nallamada,geetha.nallamada@futuristictechnologies.co.uk,Data Analyst,Found it plotting a daily profile that had a step in it on exactly two days of the year. Worth saying out loud that this is the single most common bug in UK half-hourly energy data and it will not be the last time it costs us an afternoon.
DRG-27,Bug,Half-hourly index breaks at the British Summer Time change,Sprint 2 (20 Jan - 31 Jan 2025),2025-01-29 10:20:00,divya.maram,Divya Maram,divya.maram@futuristictechnologies.co.uk,Data Analyst,Confirmed. Modelling in UTC and deriving local hour for the calendar features. The alternative - keeping everything local - means the index is not monotonic twice a year and every rolling window quietly misbehaves around it.
DRG-27,Bug,Half-hourly index breaks at the British Summer Time change,Sprint 2 (20 Jan - 31 Jan 2025),2025-02-03 12:35:00,divya.maram,Divya Maram,divya.maram@futuristictechnologies.co.uk,Data Analyst,"Fixed, with the 48-per-day assertion. It now also catches genuinely missing meter reads, which is how DRG-37 got found."
DRG-28,Story,The raw to interim to processed data contract,Sprint 3 (03 Feb - 14 Feb 2025),2025-02-05 10:30:00,divya.maram,Divya Maram,divya.maram@futuristictechnologies.co.uk,Data Analyst,The config hash on every artefact is what stops the classic research failure: a figure in a report that nobody can regenerate because the parameters have moved since.
DRG-28,Story,The raw to interim to processed data contract,Sprint 3 (03 Feb - 14 Feb 2025),2025-02-13 15:05:00,sabitha.lingala,Sabitha Lingala,sabitha.lingala@futuristictechnologies.co.uk,Project Coordinator,Noting this in the RAID log as closing the reproducibility risk. It was the one I was most worried about.
DRG-29,Story,Neighbourhood aggregation from household meters,Sprint 3 (03 Feb - 14 Feb 2025),2025-02-07 11:20:00,divya.maram,Divya Maram,divya.maram@futuristictechnologies.co.uk,Data Analyst,"Keeping the contributing household count is the important bit. Without it, a neighbourhood whose meters drop out for a week looks like a neighbourhood whose demand fell, and that is indistinguishable in the aggregate."
DRG-29,Story,Neighbourhood aggregation from household meters,Sprint 3 (03 Feb - 14 Feb 2025),2025-02-14 15:55:00,geetha.nallamada,Geetha Nallamada,geetha.nallamada@futuristictechnologies.co.uk,Data Analyst,"Agreed, and it means we can normalise per household when comparing sites of different sizes."
DRG-30,Task,CI on every push,Sprint 3 (03 Feb - 14 Feb 2025),2025-02-12 14:10:00,devendranath.singam,Devendranath Singam,devendranath.singam@futuristictechnologies.co.uk,DevOps Engineer,Running the whole pipeline in CI rather than only unit tests. It costs four minutes and it is the only thing that proves the stages still fit together.
DRG-30,Task,CI on every push,Sprint 3 (03 Feb - 14 Feb 2025),2025-02-14 15:15:00,divya.maram,Divya Maram,divya.maram@futuristictechnologies.co.uk,Data Analyst,First green run caught a stage that only worked because I had a stale interim file locally.
DRG-31,Task,"Architecture document, with the non-goals stated first",Sprint 3 (03 Feb - 14 Feb 2025),2025-02-24 14:25:00,geetha.nallamada,Geetha Nallamada,geetha.nallamada@futuristictechnologies.co.uk,Data Analyst,"Non-goals are section two, ahead of the architecture itself. The single biggest reputational risk on a project like this is someone in a planning meeting believing we modelled the network."
DRG-31,Task,"Architecture document, with the non-goals stated first",Sprint 3 (03 Feb - 14 Feb 2025),2025-02-25 09:40:00,sabitha.lingala,Sabitha Lingala,sabitha.lingala@futuristictechnologies.co.uk,Project Coordinator,"Adding that to the RAID log as a live risk with the document as its mitigation, so it stays visible rather than being considered handled."
DRG-32,Story,Daily and weekly load shape profiling,Sprint 4 (17 Feb - 28 Feb 2025),2025-02-20 11:15:00,geetha.nallamada,Geetha Nallamada,geetha.nallamada@futuristictechnologies.co.uk,Data Analyst,"Clear evening peak between 17:00 and 20:00 across all four sites, a weaker morning peak, and a weekend shape that is flatter and shifted later. Nothing surprising, which is itself worth confirming before building on it."
DRG-32,Story,Daily and weekly load shape profiling,Sprint 4 (17 Feb - 28 Feb 2025),2025-02-28 15:35:00,divya.maram,Divya Maram,divya.maram@futuristictechnologies.co.uk,Data Analyst,The weekday/weekend split is stark enough that day-of-week has to be a feature rather than an afterthought.
DRG-33,Story,Household heterogeneity within a neighbourhood,Sprint 4 (17 Feb - 28 Feb 2025),2025-03-04 10:40:00,geetha.nallamada,Geetha Nallamada,geetha.nallamada@futuristictechnologies.co.uk,Data Analyst,"Wide spread - the top decile of households uses roughly three times the median. That matters for DRG-73: if EV adoption is sampled uniformly we will understate the peak, because early EV adopters are not a random draw from the population."
DRG-33,Story,Household heterogeneity within a neighbourhood,Sprint 4 (17 Feb - 28 Feb 2025),2025-03-06 16:05:00,divya.maram,Divya Maram,divya.maram@futuristictechnologies.co.uk,Data Analyst,Noted and carried into the simulation design as an explicit assumption to test rather than a correction to apply silently.
DRG-34,Task,Monthly stakeholder report pack,Sprint 4 (17 Feb - 28 Feb 2025),2025-02-26 11:30:00,sabitha.lingala,Sabitha Lingala,sabitha.lingala@futuristictechnologies.co.uk,Project Coordinator,"Pulling the numbers from run_report.json rather than copying them into a slide. On a twenty-month project the report and the code will diverge otherwise, and the report is what people remember."
DRG-35,Story,Data quality checks on the meter feed,Sprint 4 (17 Feb - 28 Feb 2025),2025-03-03 10:20:00,divya.maram,Divya Maram,divya.maram@futuristictechnologies.co.uk,Data Analyst,"Warn rather than fail for the zero runs. A genuinely empty property reads zero for weeks and that is real data, not an error - failing on it would train us to ignore the output."
DRG-35,Story,Data quality checks on the meter feed,Sprint 4 (17 Feb - 28 Feb 2025),2025-03-07 15:25:00,geetha.nallamada,Geetha Nallamada,geetha.nallamada@futuristictechnologies.co.uk,Data Analyst,Right. A check that fires on normal conditions is a check nobody reads.
DRG-36,Story,Seasonal decomposition and the weekly cycle finding,Sprint 5 (03 Mar - 14 Mar 2025),2025-03-10 11:20:00,geetha.nallamada,Geetha Nallamada,geetha.nallamada@futuristictechnologies.co.uk,Data Analyst,"Autocorrelation at 336 half-hours - the same half-hour last week - is stronger than at 48, the same half-hour yesterday. That is the single most useful thing this epic has produced, and it predicts the whole shape of the feature set."
DRG-36,Story,Seasonal decomposition and the weekly cycle finding,Sprint 5 (03 Mar - 14 Mar 2025),2025-03-14 15:45:00,divya.maram,Divya Maram,divya.maram@futuristictechnologies.co.uk,Data Analyst,"It also predicts what SHAP will eventually say. If lag_336 does not come out on top later, one of the two analyses is wrong."
DRG-37,Bug,Missing half-hours silently forward-filled during aggregation,Sprint 5 (03 Mar - 14 Mar 2025),2025-03-05 10:35:00,divya.maram,Divya Maram,divya.maram@futuristictechnologies.co.uk,Data Analyst,"Raising against my own work. The 48-per-day assertion from DRG-27 is what surfaced it - the check said data was missing while the aggregate said it was fine, and both could not be true."
DRG-37,Bug,Missing half-hours silently forward-filled during aggregation,Sprint 5 (03 Mar - 14 Mar 2025),2025-03-06 09:40:00,geetha.nallamada,Geetha Nallamada,geetha.nallamada@futuristictechnologies.co.uk,Data Analyst,That disagreement between two views of the same thing is worth more than either view on its own. Worth keeping as a habit: assert the same fact in two places and let them argue.
DRG-37,Bug,Missing half-hours silently forward-filled during aggregation,Sprint 5 (03 Mar - 14 Mar 2025),2025-03-12 14:05:00,divya.maram,Divya Maram,divya.maram@futuristictechnologies.co.uk,Data Analyst,"Fixed. Gaps propagate as nulls, are counted in the run report, and are handled once at the feature stage where the decision is visible."
DRG-38,Story,"Container images for pipeline, API and dashboard",Sprint 5 (03 Mar - 14 Mar 2025),2025-03-11 15:20:00,devendranath.singam,Devendranath Singam,devendranath.singam@futuristictechnologies.co.uk,DevOps Engineer,"Three images rather than one that does everything. The dashboard does not need XGBoost and the pipeline does not need Streamlit, and a single fat image means every deploy ships all of it."
DRG-39,Story,EDA figure set and reporting artefacts,Sprint 6 (17 Mar - 28 Mar 2025),2025-03-26 10:15:00,geetha.nallamada,Geetha Nallamada,geetha.nallamada@futuristictechnologies.co.uk,Data Analyst,"No figure in any document that cannot be regenerated by a command. A chart exported by hand from a notebook is a chart nobody can reproduce in six months, including the person who made it."
DRG-40,Task,Q1 review and replan,Sprint 6 (17 Mar - 28 Mar 2025),2025-03-28 16:20:00,sabitha.lingala,Sabitha Lingala,sabitha.lingala@futuristictechnologies.co.uk,Project Coordinator,"Question from the stakeholder session, recorded because it will come back: 'when do we see a forecast?' The answer is Q3, and the reason is that a forecast built on data with two corrupt days a year and forward-filled gaps would have been ready in March and wrong."
DRG-40,Task,Q1 review and replan,Sprint 6 (17 Mar - 28 Mar 2025),2025-03-31 09:40:00,geetha.nallamada,Geetha Nallamada,geetha.nallamada@futuristictechnologies.co.uk,Data Analyst,That framing helped. Worth reusing verbatim next time.
DRG-41,Story,Weather feed from a key-free public API,Sprint 6 (17 Mar - 28 Mar 2025),2025-03-20 11:30:00,devendranath.singam,Devendranath Singam,devendranath.singam@futuristictechnologies.co.uk,DevOps Engineer,"Key-free is a hard requirement, not a preference. The moment a demo needs a credential, it needs someone with the credential, and the project stops being self-service."
DRG-41,Story,Weather feed from a key-free public API,Sprint 6 (17 Mar - 28 Mar 2025),2025-04-04 15:35:00,divya.maram,Divya Maram,divya.maram@futuristictechnologies.co.uk,Data Analyst,"Cached to disk with the fetch timestamp, so a run is reproducible even if the upstream revises history - which weather APIs do."
DRG-42,Story,Calendar and cyclical time features,Sprint 7 (31 Mar - 11 Apr 2025),2025-04-09 10:20:00,divya.maram,Divya Maram,divya.maram@futuristictechnologies.co.uk,Data Analyst,"Cyclical encoding matters more for the linear models than for the trees, but it costs two columns and it means the baseline is a fair comparison rather than one handicapped by a representation choice."
DRG-43,Story,"Lag features at 1, 48 and 336 half-hours",Sprint 7 (31 Mar - 11 Apr 2025),2025-04-11 11:15:00,divya.maram,Divya Maram,divya.maram@futuristictechnologies.co.uk,Data Analyst,"Dropping the first week rather than imputing it. An imputed lag_336 is a made-up value in the most important feature in the model, and it would be concentrated entirely at the start of the series."
DRG-43,Story,"Lag features at 1, 48 and 336 half-hours",Sprint 7 (31 Mar - 11 Apr 2025),2025-04-18 15:55:00,geetha.nallamada,Geetha Nallamada,geetha.nallamada@futuristictechnologies.co.uk,Data Analyst,Agreed. Losing a week of training data is cheap; poisoning the strongest feature is not.
DRG-44,Task,The chronological split contract,Sprint 7 (31 Mar - 11 Apr 2025),2025-04-08 09:40:00,geetha.nallamada,Geetha Nallamada,geetha.nallamada@futuristictechnologies.co.uk,Data Analyst,"Writing this down before the first model exists. Random splits on a time series produce beautiful scores and worthless models, and the failure is invisible in the metrics - which is exactly the class of mistake that needs a written rule and a test rather than good intentions."
DRG-44,Task,The chronological split contract,Sprint 7 (31 Mar - 11 Apr 2025),2025-04-17 12:15:00,divya.maram,Divya Maram,divya.maram@futuristictechnologies.co.uk,Data Analyst,"In config, and I have added an assertion that the split boundaries are ordered and non-overlapping."
DRG-45,Story,Rolling statistics features,Sprint 8 (14 Apr - 25 Apr 2025),2025-04-30 15:05:00,divya.maram,Divya Maram,divya.maram@futuristictechnologies.co.uk,Data Analyst,"Left-closed windows, asserted in a test. The default in most libraries includes the current observation and that is a leak that will not show up as an error."
DRG-46,Bug,Rolling window included the half-hour being predicted,Sprint 9 (28 Apr - 09 May 2025),2025-04-28 10:45:00,geetha.nallamada,Geetha Nallamada,geetha.nallamada@futuristictechnologies.co.uk,Data Analyst,"0.11 MAE was the tell. A result that is far better than the problem is hard is not a good result, it is a symptom - and it is worth building the reflex to be suspicious rather than pleased."
DRG-46,Bug,Rolling window included the half-hour being predicted,Sprint 9 (28 Apr - 09 May 2025),2025-04-29 11:20:00,divya.maram,Divya Maram,divya.maram@futuristictechnologies.co.uk,Data Analyst,Confirmed and fixed. Adding the correlation assertion so the next one is caught by CI rather than by someone's instinct.
DRG-46,Bug,Rolling window included the half-hour being predicted,Sprint 9 (28 Apr - 09 May 2025),2025-05-02 14:15:00,geetha.nallamada,Geetha Nallamada,geetha.nallamada@futuristictechnologies.co.uk,Data Analyst,"Ridge is now at 0.83 MAE, which is a believable number for this problem. Much less exciting and much more useful."
DRG-47,Task,"Lint, format and pre-commit",Sprint 8 (14 Apr - 25 Apr 2025),2025-04-25 11:35:00,devendranath.singam,Devendranath Singam,devendranath.singam@futuristictechnologies.co.uk,DevOps Engineer,Formatting decided by a tool so it stops being decided in review. Review time is better spent on whether the window is left-closed.
DRG-48,Story,Weather features and lagged temperature,Sprint 9 (28 Apr - 09 May 2025),2025-05-12 10:40:00,divya.maram,Divya Maram,divya.maram@futuristictechnologies.co.uk,Data Analyst,"Lagged temperature earns its place - buildings have thermal mass, so yesterday evening's cold is still in the walls this morning. The un-lagged version underfits exactly the cold snaps we care most about."
DRG-48,Story,Weather features and lagged temperature,Sprint 9 (28 Apr - 09 May 2025),2025-05-16 15:25:00,geetha.nallamada,Geetha Nallamada,geetha.nallamada@futuristictechnologies.co.uk,Data Analyst,"This also sets up the heat-pump simulation later, since that has to be temperature-driven to be credible."
DRG-49,Story,Feature sanity pass before modelling,Sprint 9 (28 Apr - 09 May 2025),2025-05-14 11:20:00,geetha.nallamada,Geetha Nallamada,geetha.nallamada@futuristictechnologies.co.uk,Data Analyst,The 'knowable at prediction time' note per feature is the useful artefact here. It turns an assumption everyone holds loosely into something a reviewer can check line by line.
DRG-50,Task,"RAID review: licence closed, PyTorch risk raised",Sprint 10 (12 May - 23 May 2025),2025-05-19 09:40:00,sabitha.lingala,Sabitha Lingala,sabitha.lingala@futuristictechnologies.co.uk,Project Coordinator,"The knowledge concentration risk is the one I would most like a mitigation for. Two people, twenty months, and no overlap in what they own is fine until somebody takes leave."
DRG-50,Task,"RAID review: licence closed, PyTorch risk raised",Sprint 10 (12 May - 23 May 2025),2025-05-23 10:30:00,geetha.nallamada,Geetha Nallamada,geetha.nallamada@futuristictechnologies.co.uk,Data Analyst,"Mitigation proposed: the modelling notes and the design document have to be good enough that the other person can run the stage. That is a real deliverable rather than a promise, so it goes on the board."
DRG-50,Task,"RAID review: licence closed, PyTorch risk raised",Sprint 10 (12 May - 23 May 2025),2025-05-30 15:15:00,sabitha.lingala,Sabitha Lingala,sabitha.lingala@futuristictechnologies.co.uk,Project Coordinator,Accepted and tracked. It is also why DRG-78 exists.
DRG-51,Story,Materialise the processed model-ready dataset,Sprint 10 (12 May - 23 May 2025),2025-06-02 15:45:00,divya.maram,Divya Maram,divya.maram@futuristictechnologies.co.uk,Data Analyst,"The split label travelling with the data is the part that matters. If each model stage decides its own split, comparisons between models stop being comparisons."
DRG-52,Story,Seasonal naive baseline,Sprint 11 (26 May - 06 Jun 2025),2025-06-03 10:15:00,geetha.nallamada,Geetha Nallamada,geetha.nallamada@futuristictechnologies.co.uk,Data Analyst,"This is the model to beat and it deserves the same care as the others. A weak baseline makes every subsequent result look better than it is, which is a comfortable mistake and a corrosive one."
DRG-52,Story,Seasonal naive baseline,Sprint 11 (26 May - 06 Jun 2025),2025-06-11 15:05:00,divya.maram,Divya Maram,divya.maram@futuristictechnologies.co.uk,Data Analyst,1.54 MAE on the test window. That is the bar.
DRG-53,Bug,Seasonal naive used yesterday instead of last week,Sprint 12 (09 Jun - 20 Jun 2025),2025-06-09 11:40:00,divya.maram,Divya Maram,divya.maram@futuristictechnologies.co.uk,Data Analyst,Not strictly a bug in the maths - it is a bug in the label. The docstring said 'same half-hour last week' and the code shifted 48.
DRG-53,Bug,Seasonal naive used yesterday instead of last week,Sprint 12 (09 Jun - 20 Jun 2025),2025-06-10 09:30:00,geetha.nallamada,Geetha Nallamada,geetha.nallamada@futuristictechnologies.co.uk,Data Analyst,"Which is worse than a maths bug in some ways, because the number was right for a thing nobody had agreed to. Publishing both and naming them is the honest fix."
DRG-53,Bug,Seasonal naive used yesterday instead of last week,Sprint 12 (09 Jun - 20 Jun 2025),2025-06-13 14:25:00,geetha.nallamada,Geetha Nallamada,geetha.nallamada@futuristictechnologies.co.uk,Data Analyst,"Both in. Daily-naive is the headline baseline because it is what the control room does, and weekly-naive is reported alongside it."
DRG-54,Story,Linear and Ridge baselines,Sprint 12 (09 Jun - 20 Jun 2025),2025-06-25 10:30:00,geetha.nallamada,Geetha Nallamada,geetha.nallamada@futuristictechnologies.co.uk,Data Analyst,"0.83 MAE, against 1.54 for daily-naive. A regularised linear model on good features gets most of the way, which is worth knowing before anyone concludes the problem needed gradient boosting."
DRG-54,Story,Linear and Ridge baselines,Sprint 12 (09 Jun - 20 Jun 2025),2025-06-27 15:35:00,divya.maram,Divya Maram,divya.maram@futuristictechnologies.co.uk,Data Analyst,"And it is the model we can explain to a planner in one sentence, which will matter when we get to the dashboard."
DRG-55,Story,Evaluation harness,Sprint 12 (09 Jun - 20 Jun 2025),2025-06-18 11:15:00,geetha.nallamada,Geetha Nallamada,geetha.nallamada@futuristictechnologies.co.uk,Data Analyst,"Every model computing its own metrics is how you get a comparison table where the numbers are not comparable. One harness, and models only supply predictions."
DRG-55,Story,Evaluation harness,Sprint 12 (09 Jun - 20 Jun 2025),2025-06-30 15:55:00,divya.maram,Divya Maram,divya.maram@futuristictechnologies.co.uk,Data Analyst,"Accepted. The README table is generated from the run report, so it cannot drift from what the code produced."
DRG-56,Task,Guard MAPE against near-zero demand half-hours,Sprint 13 (23 Jun - 04 Jul 2025),2025-06-30 12:15:00,geetha.nallamada,Geetha Nallamada,geetha.nallamada@futuristictechnologies.co.uk,Data Analyst,"Reporting the excluded fraction next to the number. A percentage error that quietly drops its most difficult observations is a flattering statistic, and stakeholders will quote it."
DRG-57,Story,"Train, validation and test window definition",Sprint 12 (09 Jun - 20 Jun 2025),2025-06-26 14:05:00,divya.maram,Divya Maram,divya.maram@futuristictechnologies.co.uk,Data Analyst,"60 days of test gives roughly 2,880 half-hours per site, which is enough to say something about stress events rather than only about average error."
DRG-58,Bug,Lag features computed across the train and test boundary,Sprint 13 (23 Jun - 04 Jul 2025),2025-06-24 10:40:00,geetha.nallamada,Geetha Nallamada,geetha.nallamada@futuristictechnologies.co.uk,Data Analyst,"Second leakage bug in two months, and a subtler one than DRG-46 - the lags themselves were fine, it was the scaler that had seen the whole series. This is the failure mode of doing feature engineering before splitting."
DRG-58,Bug,Lag features computed across the train and test boundary,Sprint 13 (23 Jun - 04 Jul 2025),2025-06-25 09:50:00,divya.maram,Divya Maram,divya.maram@futuristictechnologies.co.uk,Data Analyst,"Restructuring so the split happens before any fitted transform, and the transform is fitted inside the pipeline rather than beside it. That makes the mistake structurally hard rather than something we have to remember."
DRG-58,Bug,Lag features computed across the train and test boundary,Sprint 13 (23 Jun - 04 Jul 2025),2025-06-30 11:15:00,geetha.nallamada,Geetha Nallamada,geetha.nallamada@futuristictechnologies.co.uk,Data Analyst,"Which is the right lesson. We have caught two of these by being suspicious of good numbers, and that will not scale - the third one will slip through unless it is impossible by construction."
DRG-58,Bug,Lag features computed across the train and test boundary,Sprint 13 (23 Jun - 04 Jul 2025),2025-07-04 15:25:00,divya.maram,Divya Maram,divya.maram@futuristictechnologies.co.uk,Data Analyst,"Fixed and asserted. Ridge moved from 0.79 to 0.83 MAE, which is the honest number."
DRG-59,Story,XGBoost forecasting model,Sprint 14 (07 Jul - 18 Jul 2025),2025-07-14 10:30:00,geetha.nallamada,Geetha Nallamada,geetha.nallamada@futuristictechnologies.co.uk,Data Analyst,"One model across all four neighbourhoods with site as a feature, rather than four models. There is not enough data per site to justify four, and the shared model can borrow strength across them - which is a testable claim, so I will test it."
DRG-59,Story,XGBoost forecasting model,Sprint 14 (07 Jul - 18 Jul 2025),2025-07-21 11:20:00,divya.maram,Divya Maram,divya.maram@futuristictechnologies.co.uk,Data Analyst,Tested: the shared model beats per-site models on three of four sites and ties on the fourth. Worth recording in the notes because it is a question that will be asked again.
DRG-59,Story,XGBoost forecasting model,Sprint 14 (07 Jul - 18 Jul 2025),2025-07-25 16:05:00,geetha.nallamada,Geetha Nallamada,geetha.nallamada@futuristictechnologies.co.uk,Data Analyst,"0.70 MAE, 0.95 RMSE, R squared 0.986. Against daily-naive at 1.54 that is a substantial improvement, and against Ridge at 0.83 it is real but modest - which is the honest way to describe it."
DRG-60,Story,Hyperparameter search,Sprint 15 (21 Jul - 01 Aug 2025),2025-08-08 15:15:00,geetha.nallamada,Geetha Nallamada,geetha.nallamada@futuristictechnologies.co.uk,Data Analyst,"Tuning bought about 0.04 MAE over sensible defaults. Recording that, because it is a useful counterweight to the instinct that more search is always worth it - the features did far more than the hyperparameters."
DRG-61,Story,Rolling-origin cross-validation,Sprint 16 (04 Aug - 15 Aug 2025),2025-08-11 09:45:00,divya.maram,Divya Maram,divya.maram@futuristictechnologies.co.uk,Data Analyst,A single held-out window on a two-year series is one draw from a distribution. Five expanding folds tell us how much the answer moves depending on where you cut it.
DRG-61,Story,Rolling-origin cross-validation,Sprint 16 (04 Aug - 15 Aug 2025),2025-08-22 15:55:00,geetha.nallamada,Geetha Nallamada,geetha.nallamada@futuristictechnologies.co.uk,Data Analyst,"RMSE 0.74 to 0.95 across folds, with the headline test at 0.95 - so the headline sits at the pessimistic end of the range rather than the flattering one. That is the version to publish."
DRG-62,Task,Model comparison report,Sprint 16 (04 Aug - 15 Aug 2025),2025-08-29 15:05:00,geetha.nallamada,Geetha Nallamada,geetha.nallamada@futuristictechnologies.co.uk,Data Analyst,"The baseline row stays in the table permanently. The moment it is dropped for being uninteresting, the table stops answering the only question that matters: is this better than what they do today?"
DRG-63,Story,Model artefact persistence and metadata,Sprint 17 (18 Aug - 29 Aug 2025),2025-09-02 10:20:00,devendranath.singam,Devendranath Singam,devendranath.singam@futuristictechnologies.co.uk,DevOps Engineer,"The feature-list check on load is the one that will save someone. Feeding columns in a different order to a tree model produces predictions rather than an error, and they will look approximately reasonable."
DRG-63,Story,Model artefact persistence and metadata,Sprint 17 (18 Aug - 29 Aug 2025),2025-09-05 15:35:00,geetha.nallamada,Geetha Nallamada,geetha.nallamada@futuristictechnologies.co.uk,Data Analyst,Accepted. This is also the foundation the promotion gate sits on next year.
DRG-64,Story,PyTorch LSTM and GRU sequence models,Sprint 18 (01 Sep - 12 Sep 2025),2025-09-15 11:20:00,geetha.nallamada,Geetha Nallamada,geetha.nallamada@futuristictechnologies.co.uk,Data Analyst,"Framing this as a question rather than an ambition: does sequence modelling beat XGBoost here? If it does not, that is a publishable finding and we stop, rather than spending a quarter tuning it into a tie."
DRG-64,Story,PyTorch LSTM and GRU sequence models,Sprint 18 (01 Sep - 12 Sep 2025),2025-09-26 15:45:00,geetha.nallamada,Geetha Nallamada,geetha.nallamada@futuristictechnologies.co.uk,Data Analyst,"It does not, on this data volume. Competitive but not better, and far more expensive to train and serve. Recorded as a finding and the ladder keeps XGBoost as primary."
DRG-65,Bug,PyTorch import fails on Windows without the MSVC runtime,Sprint 19 (15 Sep - 26 Sep 2025),2025-09-16 10:30:00,geetha.nallamada,Geetha Nallamada,geetha.nallamada@futuristictechnologies.co.uk,Data Analyst,Lost an hour to this before realising the install had succeeded and the import had not. pip reporting success is genuinely misleading here.
DRG-65,Bug,PyTorch import fails on Windows without the MSVC runtime,Sprint 19 (15 Sep - 26 Sep 2025),2025-09-16 11:40:00,devendranath.singam,Devendranath Singam,devendranath.singam@futuristictechnologies.co.uk,DevOps Engineer,"Known issue with the Windows wheels - they need the MSVC redistributable and it is not something pip can pull in. This was RAID risk 2 from January, so at least it was not a surprise."
DRG-65,Bug,PyTorch import fails on Windows without the MSVC runtime,Sprint 19 (15 Sep - 26 Sep 2025),2025-09-18 09:50:00,sabitha.lingala,Sabitha Lingala,sabitha.lingala@futuristictechnologies.co.uk,Project Coordinator,Marking the risk as realised and mitigated rather than closing it quietly. The mitigation - graceful fallback plus a documented prerequisite - is the reusable part.
DRG-65,Bug,PyTorch import fails on Windows without the MSVC runtime,Sprint 19 (15 Sep - 26 Sep 2025),2025-09-24 14:15:00,devendranath.singam,Devendranath Singam,devendranath.singam@futuristictechnologies.co.uk,DevOps Engineer,"Fixed. The import is guarded, the fallback is automatic and reported in the run log, and the README says what to install. A missing optional dependency should degrade the run, not end it."
DRG-66,Story,Torch-free sequence model fallback,Sprint 19 (15 Sep - 26 Sep 2025),2025-09-25 10:40:00,geetha.nallamada,Geetha Nallamada,geetha.nallamada@futuristictechnologies.co.uk,Data Analyst,"0.78 MAE, so it sits between Ridge and XGBoost. It was built as a fallback and it turns out to be a legitimate rung on the ladder, which is a better outcome than intended."
DRG-66,Story,Torch-free sequence model fallback,Sprint 19 (15 Sep - 26 Sep 2025),2025-09-30 15:25:00,devendranath.singam,Devendranath Singam,devendranath.singam@futuristictechnologies.co.uk,DevOps Engineer,And it is stated in the run report when it substitutes. A silent fallback would mean a comparison table where one row is secretly a different model than it claims.
DRG-67,Task,Publish the model ladder results,Sprint 20 (29 Sep - 10 Oct 2025),2025-10-10 15:15:00,geetha.nallamada,Geetha Nallamada,geetha.nallamada@futuristictechnologies.co.uk,Data Analyst,"Stating that simple models do well is not undermining the work - it is the finding. It tells a network operator that this is tractable with modest infrastructure, which is far more actionable than a marginal accuracy claim."
DRG-68,Story,Percentile stress thresholds per neighbourhood,Sprint 21 (13 Oct - 24 Oct 2025),2025-10-13 09:45:00,geetha.nallamada,Geetha Nallamada,geetha.nallamada@futuristictechnologies.co.uk,Data Analyst,"The honest wording, which goes everywhere this number appears: this is not a capacity breach. We do not have ratings. It is the top 5% of a site's own history, and the interesting claim is how much more often that happens under electrification."
DRG-68,Story,Percentile stress thresholds per neighbourhood,Sprint 21 (13 Oct - 24 Oct 2025),2025-10-24 15:35:00,divya.maram,Divya Maram,divya.maram@futuristictechnologies.co.uk,Data Analyst,Per site rather than global. A dense urban feeder and a suburban one have completely different distributions and a shared threshold would just rank sites by size.
DRG-69,Bug,Stress threshold computed on the full series including test,Sprint 22 (27 Oct - 07 Nov 2025),2025-10-27 10:40:00,divya.maram,Divya Maram,divya.maram@futuristictechnologies.co.uk,Data Analyst,"Spotted it because the naive baseline's stress F1 was 0.85, which is high for a model that is just repeating yesterday. The threshold knowing about the test window was making the task easier for everyone."
DRG-69,Bug,Stress threshold computed on the full series including test,Sprint 22 (27 Oct - 07 Nov 2025),2025-10-28 09:30:00,geetha.nallamada,Geetha Nallamada,geetha.nallamada@futuristictechnologies.co.uk,Data Analyst,"Third leakage bug of the year, and the pattern is consistent: it is never the model, it is always something fitted on more data than it should have seen. Scaler, rolling window, now a threshold."
DRG-69,Bug,Stress threshold computed on the full series including test,Sprint 22 (27 Oct - 07 Nov 2025),2025-10-30 11:15:00,geetha.nallamada,Geetha Nallamada,geetha.nallamada@futuristictechnologies.co.uk,Data Analyst,"Proposing a rule rather than another fix: anything that is estimated from data - a scaler, a threshold, a percentile, a category encoding - is fitted on train and applied elsewhere, and there is a test for each one. Otherwise we will find the fourth in February."
DRG-69,Bug,Stress threshold computed on the full series including test,Sprint 22 (27 Oct - 07 Nov 2025),2025-11-04 14:25:00,divya.maram,Divya Maram,divya.maram@futuristictechnologies.co.uk,Data Analyst,"Rule adopted and written into the modelling notes. Thresholds now train-only, F1 numbers moved slightly and the ranking held."
DRG-70,Story,Stress event detection with a minimum duration,Sprint 22 (27 Oct - 07 Nov 2025),2025-11-07 10:30:00,geetha.nallamada,Geetha Nallamada,geetha.nallamada@futuristictechnologies.co.uk,Data Analyst,"The gap-bridging rule matters more than it sounds. Demand oscillating around a threshold produces dozens of one-period events, which is noise dressed as a finding, and it would make the duration statistics meaningless."
DRG-70,Story,Stress event detection with a minimum duration,Sprint 22 (27 Oct - 07 Nov 2025),2025-11-14 15:25:00,divya.maram,Divya Maram,divya.maram@futuristictechnologies.co.uk,Data Analyst,"Both parameters are in config and reported with the results, so the sensitivity work next year can sweep them."
DRG-71,Story,Stress frequency and duration metrics,Sprint 23 (10 Nov - 21 Nov 2025),2025-11-26 11:15:00,divya.maram,Divya Maram,divya.maram@futuristictechnologies.co.uk,Data Analyst,"Base case is 4.4% of half-hours in stress with a mean event duration of 2.2 hours. That is the number every electrification scenario will be compared against, so it is worth being precise about how it was computed."
DRG-72,Story,"Stress-alarm precision, recall and F1",Sprint 23 (10 Nov - 21 Nov 2025),2025-11-20 10:20:00,geetha.nallamada,Geetha Nallamada,geetha.nallamada@futuristictechnologies.co.uk,Data Analyst,A model can improve MAE by getting the easy quiet half-hours slightly better while getting worse at the peaks. Without this metric we would select for the wrong thing and never know.
DRG-72,Story,"Stress-alarm precision, recall and F1",Sprint 23 (10 Nov - 21 Nov 2025),2025-12-05 15:35:00,divya.maram,Divya Maram,divya.maram@futuristictechnologies.co.uk,Data Analyst,"XGBoost at 0.90 F1, daily-naive at 0.85. A smaller gap than the MAE difference suggests, which is itself informative - the peaks are the recurrent, forecastable part."
DRG-73,Story,Per-household EV adoption sampling,Sprint 24 (24 Nov - 05 Dec 2025),2025-12-03 10:40:00,divya.maram,Divya Maram,divya.maram@futuristictechnologies.co.uk,Data Analyst,"Bottom-up rather than a percentage uplift on the aggregate. A uniform uplift assumes every household charges at the same time, which is the assumption that would make the whole result wrong in the direction of alarming."
DRG-73,Story,Per-household EV adoption sampling,Sprint 24 (24 Nov - 05 Dec 2025),2025-12-10 11:20:00,geetha.nallamada,Geetha Nallamada,geetha.nallamada@futuristictechnologies.co.uk,Data Analyst,"And the consumption weighting is a real assumption with an effect, so it needs to be visible and sweepable in the sensitivity work rather than buried."
DRG-74,Story,EV charging profiles,Sprint 24 (24 Nov - 05 Dec 2025),2025-12-15 10:30:00,divya.maram,Divya Maram,divya.maram@futuristictechnologies.co.uk,Data Analyst,"Reporting kWh per car per day in every scenario summary. It comes out at 5.3, which is about 1,900 kWh a year and consistent with average UK car mileage - and that is the number a planner will check first to decide whether to trust the rest."
DRG-74,Story,EV charging profiles,Sprint 24 (24 Nov - 05 Dec 2025),2025-12-19 15:35:00,geetha.nallamada,Geetha Nallamada,geetha.nallamada@futuristictechnologies.co.uk,Data Analyst,"Publishing the auditable intermediate rather than only the headline is the right instinct. It invites the reader to check us, which is how the headline earns trust."
DRG-75,Story,Heat pump profiles driven by temperature,Sprint 25 (08 Dec - 19 Dec 2025),2025-12-17 11:15:00,divya.maram,Divya Maram,divya.maram@futuristictechnologies.co.uk,Data Analyst,"Temperature-varying COP is the detail that makes this credible. A fixed COP understates the cold-snap peak, and the cold snap is the case the whole study is about."
DRG-75,Story,Heat pump profiles driven by temperature,Sprint 25 (08 Dec - 19 Dec 2025),2026-01-07 10:20:00,geetha.nallamada,Geetha Nallamada,geetha.nallamada@futuristictechnologies.co.uk,Data Analyst,This is also why DRG-48's lagged temperature work matters - the building thermal mass means the heat pump is still working the morning after the cold evening.
DRG-75,Story,Heat pump profiles driven by temperature,Sprint 25 (08 Dec - 19 Dec 2025),2026-01-09 15:45:00,divya.maram,Divya Maram,divya.maram@futuristictechnologies.co.uk,Data Analyst,"1.30 kW after-diversity per heat pump, which sits inside the range DNOs plan with. Published in every scenario summary."
DRG-76,Task,Year-end report and 2026 plan,Sprint 25 (08 Dec - 19 Dec 2025),2025-12-19 16:10:00,sabitha.lingala,Sabitha Lingala,sabitha.lingala@futuristictechnologies.co.uk,Project Coordinator,"Twelve months in and the honest summary is that we spent the first quarter on data quality and never regretted it. Three of the year's five significant defects were leakage or data-integrity issues found by suspicion rather than by a test, and that is the pattern to fix in 2026."
DRG-76,Task,Year-end report and 2026 plan,Sprint 25 (08 Dec - 19 Dec 2025),2025-12-19 16:25:00,geetha.nallamada,Geetha Nallamada,geetha.nallamada@futuristictechnologies.co.uk,Data Analyst,Which is an argument for a dedicated QA role. Raising it as a resourcing item rather than something we absorb.
DRG-76,Task,Year-end report and 2026 plan,Sprint 25 (08 Dec - 19 Dec 2025),2026-01-05 09:30:00,sabitha.lingala,Sabitha Lingala,sabitha.lingala@futuristictechnologies.co.uk,Project Coordinator,Raised. Noting here that it took until June to be filled.
DRG-77,Story,Deployment target options and a costed recommendation,Sprint 24 (24 Nov - 05 Dec 2025),2025-12-16 11:20:00,devendranath.singam,Devendranath Singam,devendranath.singam@futuristictechnologies.co.uk,DevOps Engineer,"AKS is rejected on operational cost rather than capability. A Kubernetes cluster for a workload this size is a full-time job nobody on this team has, and Container Apps gives us scale-to-zero without it."
DRG-77,Story,Deployment target options and a costed recommendation,Sprint 24 (24 Nov - 05 Dec 2025),2025-12-18 15:05:00,sabitha.lingala,Sabitha Lingala,sabitha.lingala@futuristictechnologies.co.uk,Project Coordinator,"Costed estimate attached to the year-end report. Non-production comes to a level finance will not query, which is the practical test."
DRG-78,Task,Modelling notes as a handover document,Sprint 25 (08 Dec - 19 Dec 2025),2025-12-22 10:30:00,divya.maram,Divya Maram,divya.maram@futuristictechnologies.co.uk,Data Analyst,Read it end to end and ran the model stage from it without asking anything. That is the actual acceptance test for this ticket.
DRG-78,Task,Modelling notes as a handover document,Sprint 25 (08 Dec - 19 Dec 2025),2025-12-23 14:35:00,sabitha.lingala,Sabitha Lingala,sabitha.lingala@futuristictechnologies.co.uk,Project Coordinator,"Good. Closing the knowledge concentration risk down to watch, with the equivalent for the simulation stage due in Q1."
DRG-79,Story,Combined EV and heat pump scenario engine,Sprint 27 (05 Jan - 16 Jan 2026),2026-01-07 10:30:00,divya.maram,Divya Maram,divya.maram@futuristictechnologies.co.uk,Data Analyst,"Re-aggregating from households is the whole point. Two households with an EV and a heat pump do not both plug in at 18:00, and only a bottom-up model can express that."
DRG-79,Story,Combined EV and heat pump scenario engine,Sprint 27 (05 Jan - 16 Jan 2026),2026-01-23 15:35:00,geetha.nallamada,Geetha Nallamada,geetha.nallamada@futuristictechnologies.co.uk,Data Analyst,Accepted. And it immediately produced a result that looked wrong - see DRG-80.
DRG-80,Bug,Diversity lost - combined peak came out additive,Sprint 27 (05 Jan - 16 Jan 2026),2026-01-13 10:40:00,geetha.nallamada,Geetha Nallamada,geetha.nallamada@futuristictechnologies.co.uk,Data Analyst,"The tell was that the combined number was suspiciously close to the sum. Physical systems very rarely add exactly, and when they do it usually means the model has lost the thing that would have made them not add."
DRG-80,Bug,Diversity lost - combined peak came out additive,Sprint 27 (05 Jan - 16 Jan 2026),2026-01-15 11:30:00,divya.maram,Divya Maram,divya.maram@futuristictechnologies.co.uk,Data Analyst,"Confirmed - aggregating twice. Fixing it so aggregation happens exactly once, at the end, and adding an assertion that the combined peak is strictly below the sum of the individual peaks."
DRG-80,Bug,Diversity lost - combined peak came out additive,Sprint 27 (05 Jan - 16 Jan 2026),2026-01-19 09:45:00,geetha.nallamada,Geetha Nallamada,geetha.nallamada@futuristictechnologies.co.uk,Data Analyst,"That assertion is a good one because it encodes a physical fact rather than a code expectation. If it ever fails, either the model is wrong or something genuinely surprising is happening, and both are worth stopping for."
DRG-80,Bug,Diversity lost - combined peak came out additive,Sprint 27 (05 Jan - 16 Jan 2026),2026-01-22 15:05:00,divya.maram,Divya Maram,divya.maram@futuristictechnologies.co.uk,Data Analyst,"Fixed. EV alone at 80% gives +154%, heat pumps alone at 70% give +113%, together +237% rather than +267%. The 29 point gap is diversity, and it is now the headline rather than a caveat."
DRG-81,Story,Scenario sweep and peak amplification metrics,Sprint 28 (19 Jan - 30 Jan 2026),2026-02-03 10:20:00,divya.maram,Divya Maram,divya.maram@futuristictechnologies.co.uk,Data Analyst,Printing ADMD in every summary rather than in an appendix. It is the number a DNO planner will check against their own planning assumptions to decide whether to believe the rest of the table.
DRG-81,Story,Scenario sweep and peak amplification metrics,Sprint 28 (19 Jan - 30 Jan 2026),2026-02-06 15:25:00,geetha.nallamada,Geetha Nallamada,geetha.nallamada@futuristictechnologies.co.uk,Data Analyst,"1.20 kW per EV and 1.30 kW per heat pump, both inside the range used in UK planning practice. That is the credibility check passed."
DRG-82,Story,Stress under electrification scenarios,Sprint 28 (19 Jan - 30 Jan 2026),2026-01-28 09:50:00,geetha.nallamada,Geetha Nallamada,geetha.nallamada@futuristictechnologies.co.uk,Data Analyst,Holding the threshold at the historical value is the crux. Recomputing P95 under each scenario would define stress away - the top 5% is always 5% - and produce the reassuring answer that nothing changes.
DRG-82,Story,Stress under electrification scenarios,Sprint 28 (19 Jan - 30 Jan 2026),2026-02-13 15:45:00,divya.maram,Divya Maram,divya.maram@futuristictechnologies.co.uk,Data Analyst,"Base 4.4% of half-hours in stress, rising to 46.8% at the highest scenario. Roughly ten times more often, with mean event duration going from 2.2 to 6.9 hours."
DRG-82,Story,Stress under electrification scenarios,Sprint 28 (19 Jan - 30 Jan 2026),2026-02-16 09:30:00,geetha.nallamada,Geetha Nallamada,geetha.nallamada@futuristictechnologies.co.uk,Data Analyst,The duration change may matter more than the frequency to an operator. A two-hour event is manageable; a seven-hour one covers the whole evening peak and leaves no recovery window.
DRG-83,Task,Q1 2026 planning and RAID review,Sprint 27 (05 Jan - 16 Jan 2026),2026-01-16 15:10:00,sabitha.lingala,Sabitha Lingala,sabitha.lingala@futuristictechnologies.co.uk,Project Coordinator,"Raising the interface risk deliberately. We are about to spend two quarters building a dashboard for a user we have described rather than met, which is a pattern that ends with a beautiful tool nobody opens."
DRG-83,Task,Q1 2026 planning and RAID review,Sprint 27 (05 Jan - 16 Jan 2026),2026-01-19 10:20:00,geetha.nallamada,Geetha Nallamada,geetha.nallamada@futuristictechnologies.co.uk,Data Analyst,"Agreed. Mitigation: get a network planner in front of the scenario results before the dashboard design is fixed, even if what we show them is a notebook."
DRG-84,Story,Scenario reporting artefacts,Sprint 29 (02 Feb - 13 Feb 2026),2026-02-18 11:15:00,divya.maram,Divya Maram,divya.maram@futuristictechnologies.co.uk,Data Analyst,"The load shape overlay is the most persuasive of these. It shows the evening peak growing and widening rather than just a bigger number, and that is what makes the duration finding land."
DRG-85,Story,Near-real-time replay engine,Sprint 30 (16 Feb - 27 Feb 2026),2026-02-18 10:30:00,devendranath.singam,Devendranath Singam,devendranath.singam@futuristictechnologies.co.uk,DevOps Engineer,Replay is the only way to test the operational path without waiting for real time to pass. It has to be deterministic or it is a demo rather than a test.
DRG-85,Story,Near-real-time replay engine,Sprint 30 (16 Feb - 27 Feb 2026),2026-03-06 15:55:00,geetha.nallamada,Geetha Nallamada,geetha.nallamada@futuristictechnologies.co.uk,Data Analyst,"Accepted. Two runs over the same window produce byte-identical output, which means the streaming path is now assertable."
DRG-86,Story,Carbon intensity feed,Sprint 30 (16 Feb - 27 Feb 2026),2026-03-04 10:40:00,devendranath.singam,Devendranath Singam,devendranath.singam@futuristictechnologies.co.uk,DevOps Engineer,Stating national versus regional on the page. It is a small honesty that stops someone quoting a national average as if it were their substation.
DRG-87,Bug,Replay windows driven by wall clock rather than event time,Sprint 30 (16 Feb - 27 Feb 2026),2026-02-27 10:35:00,divya.maram,Divya Maram,divya.maram@futuristictechnologies.co.uk,Data Analyst,"Noticed because two replays of the same day disagreed on when an event ended. A one-period difference, which is exactly the size that gets dismissed as noise."
DRG-87,Bug,Replay windows driven by wall clock rather than event time,Sprint 30 (16 Feb - 27 Feb 2026),2026-03-02 09:40:00,devendranath.singam,Devendranath Singam,devendranath.singam@futuristictechnologies.co.uk,DevOps Engineer,Confirmed. Wall clock had leaked into the window logic. This is the same lesson as the training-time leakage bugs in a different costume: something that should be derived from the data was derived from the environment.
DRG-87,Bug,Replay windows driven by wall clock rather than event time,Sprint 30 (16 Feb - 27 Feb 2026),2026-03-10 14:35:00,devendranath.singam,Devendranath Singam,devendranath.singam@futuristictechnologies.co.uk,DevOps Engineer,Fixed and asserted. The pacing is the only thing the clock controls now.
DRG-88,Story,External feed degradation and reporting,Sprint 31 (02 Mar - 13 Mar 2026),2026-03-18 11:20:00,devendranath.singam,Devendranath Singam,devendranath.singam@futuristictechnologies.co.uk,DevOps Engineer,The three-level fallback with provenance recorded is the important part. A cached value silently substituted for a live one is how a demo shows yesterday's weather as if it were today's.
DRG-88,Story,External feed degradation and reporting,Sprint 31 (02 Mar - 13 Mar 2026),2026-03-20 15:25:00,sabitha.lingala,Sabitha Lingala,sabitha.lingala@futuristictechnologies.co.uk,Project Coordinator,Closing the external dependency risk in the RAID log on the back of this. It moves from a delivery risk to a documented operational behaviour.
DRG-89,Task,Simulation handover notes,Sprint 31 (02 Mar - 13 Mar 2026),2026-03-23 10:15:00,geetha.nallamada,Geetha Nallamada,geetha.nallamada@futuristictechnologies.co.uk,Data Analyst,"Ran the scenario sweep from these notes without asking Divya anything, which is the acceptance test we used last time."
DRG-89,Task,Simulation handover notes,Sprint 31 (02 Mar - 13 Mar 2026),2026-03-24 14:15:00,sabitha.lingala,Sabitha Lingala,sabitha.lingala@futuristictechnologies.co.uk,Project Coordinator,Knowledge concentration risk now closed rather than watched. Both critical stages are documented well enough to be operated by the other analyst.
DRG-90,Story,Sensitivity sweep framework,Sprint 32 (16 Mar - 27 Mar 2026),2026-03-25 10:20:00,geetha.nallamada,Geetha Nallamada,geetha.nallamada@futuristictechnologies.co.uk,Data Analyst,"Sweeping the stress percentile itself is the one people forget. If the entire finding changes between P90 and P95, then the finding is about our choice of percentile rather than about electrification."
DRG-91,Story,Sensitivity of stress frequency and duration,Sprint 33 (30 Mar - 10 Apr 2026),2026-04-14 11:15:00,geetha.nallamada,Geetha Nallamada,geetha.nallamada@futuristictechnologies.co.uk,Data Analyst,"Adoption rate dominates everything else by a wide margin. Charger power and COP matter within plausible ranges but do not change the direction or the order of magnitude, and the stress percentile shifts the absolute numbers without changing the ratio between scenarios."
DRG-91,Story,Sensitivity of stress frequency and duration,Sprint 33 (30 Mar - 10 Apr 2026),2026-04-17 15:35:00,divya.maram,Divya Maram,divya.maram@futuristictechnologies.co.uk,Data Analyst,"Which is the reassuring version of this result. The conclusion is about electrification, not about our parameter choices."
DRG-92,Task,Publish which assumptions the conclusions depend on,Sprint 34 (13 Apr - 24 Apr 2026),2026-04-24 14:25:00,geetha.nallamada,Geetha Nallamada,geetha.nallamada@futuristictechnologies.co.uk,Data Analyst,"Saying plainly that we do not forecast adoption is important. DRG tells you what happens if adoption reaches a level; it does not tell you whether it will, and conflating those two is how a scenario tool gets quoted as a prediction."
DRG-93,Story,SHAP global explanations,Sprint 34 (13 Apr - 24 Apr 2026),2026-05-05 10:30:00,geetha.nallamada,Geetha Nallamada,geetha.nallamada@futuristictechnologies.co.uk,Data Analyst,"lag_336 at 39%, lag_1 at 27%, lag_48 at 7.6%, time of day at 4%. That matches the autocorrelation analysis from DRG-36 fifteen months ago, which is a satisfying consistency check across two completely independent methods."
DRG-93,Story,SHAP global explanations,Sprint 34 (13 Apr - 24 Apr 2026),2026-05-08 15:45:00,divya.maram,Divya Maram,divya.maram@futuristictechnologies.co.uk,Data Analyst,And it validates the feature design decision retrospectively. The weekly lag was the right thing to build first.
DRG-94,Story,SHAP during stress periods,Sprint 35 (27 Apr - 08 May 2026),2026-05-13 11:20:00,geetha.nallamada,Geetha Nallamada,geetha.nallamada@futuristictechnologies.co.uk,Data Analyst,"Same drivers, but the lag terms take a larger share during stress - lag_336 holds at 39%, lag_1 rises to 29%, lag_48 to 10.7%, and time of day falls. High-demand half-hours are more strongly recurrent than ordinary ones."
DRG-94,Story,SHAP during stress periods,Sprint 35 (27 Apr - 08 May 2026),2026-05-15 15:25:00,divya.maram,Divya Maram,divya.maram@futuristictechnologies.co.uk,Data Analyst,Which is the useful operational sentence: the stressful periods are the predictable ones. That is what makes them manageable rather than merely alarming.
DRG-95,Bug,SHAP values computed on scaled features and reported as raw,Sprint 36 (11 May - 22 May 2026),2026-05-11 10:35:00,divya.maram,Divya Maram,divya.maram@futuristictechnologies.co.uk,Data Analyst,"Flagged it because the SHAP ranking disagreed with the XGBoost feature importances, and DRG-93 said explicitly that a disagreement is worth investigating. That check earned its keep."
DRG-95,Bug,SHAP values computed on scaled features and reported as raw,Sprint 36 (11 May - 22 May 2026),2026-05-20 14:35:00,geetha.nallamada,Geetha Nallamada,geetha.nallamada@futuristictechnologies.co.uk,Data Analyst,"Fixed by reporting shares rather than absolute contributions. Also means the numbers are comparable between models, which will matter when the registry holds more than one."
DRG-96,Story,Dashboard shell and chart theme,Sprint 35 (27 Apr - 08 May 2026),2026-04-29 10:15:00,divya.maram,Divya Maram,divya.maram@futuristictechnologies.co.uk,Data Analyst,"Theme before the first chart. The rule that matters most here is fixed colour per neighbourhood - four sites across six pages, and if the colours shuffle the reader has to relearn the legend every time."
DRG-96,Story,Dashboard shell and chart theme,Sprint 35 (27 Apr - 08 May 2026),2026-05-14 11:30:00,geetha.nallamada,Geetha Nallamada,geetha.nallamada@futuristictechnologies.co.uk,Data Analyst,"The 'real or synthetic' badge is not optional. Someone will screenshot a synthetic run into a planning document otherwise, and the numbers are plausible enough that nobody would catch it."
DRG-97,Story,Demand and forecast page,Sprint 36 (11 May - 22 May 2026),2026-05-27 10:40:00,divya.maram,Divya Maram,divya.maram@futuristictechnologies.co.uk,Data Analyst,"Error for the visible window rather than the headline test figure. A planner looking at a cold week wants to know how the model did that week, and the overall number can hide a bad one."
DRG-98,Task,Prepare QA onboarding,Sprint 37 (25 May - 05 Jun 2026),2026-06-01 09:40:00,sabitha.lingala,Sabitha Lingala,sabitha.lingala@futuristictechnologies.co.uk,Project Coordinator,"Six months after it was raised at the year-end review. Recording the delay because the cost is visible: five of the defects since January were silent, and a QA perspective would have caught at least the SHAP scaling one sooner."
DRG-98,Task,Prepare QA onboarding,Sprint 37 (25 May - 05 Jun 2026),2026-06-12 15:15:00,devendranath.singam,Devendranath Singam,devendranath.singam@futuristictechnologies.co.uk,DevOps Engineer,"Runbook dry-run from a clean machine. run-all from a fresh clone works with no dataset and no keys, which is the whole point of the DRG-23 decision paying off eighteen months later."
DRG-99,Task,QA onboarding - Neha Chauhan,Sprint 38 (08 Jun - 19 Jun 2026),2026-06-16 11:20:00,neha.chauhan,Neha Chauhan,neha.chauhan@futuristictechnologies.co.uk,QA Analyst,"run-all worked first time from the runbook, on synthetic data, with no credentials. That is rarer than it should be and it made the first day useful rather than administrative."
DRG-99,Task,QA onboarding - Neha Chauhan,Sprint 38 (08 Jun - 19 Jun 2026),2026-06-19 14:30:00,neha.chauhan,Neha Chauhan,neha.chauhan@futuristictechnologies.co.uk,QA Analyst,"Read the modelling notes. The striking thing is that of the eight significant defects on this project, seven produced a plausible wrong number rather than a failure. That shapes what I should be testing: agreement between stages, not behaviour of functions."
DRG-99,Task,QA onboarding - Neha Chauhan,Sprint 38 (08 Jun - 19 Jun 2026),2026-06-26 15:50:00,neha.chauhan,Neha Chauhan,neha.chauhan@futuristictechnologies.co.uk,QA Analyst,"Gap analysis done. No coverage at all on the simulation, the API contract, or anything checking that a model artefact matches the feature spec it claims. The third one is the quiet risk - the DRG-63 check exists but nothing tests that it fires."
DRG-99,Task,QA onboarding - Neha Chauhan,Sprint 38 (08 Jun - 19 Jun 2026),2026-06-26 16:10:00,geetha.nallamada,Geetha Nallamada,geetha.nallamada@futuristictechnologies.co.uk,Data Analyst,That last point is a good catch and it is exactly the kind of thing we could not see from inside. Raising it into the gate work.
DRG-100,Story,Test strategy and per-stage regression scope,Sprint 39 (22 Jun - 03 Jul 2026),2026-06-30 10:20:00,neha.chauhan,Neha Chauhan,neha.chauhan@futuristictechnologies.co.uk,QA Analyst,Turning the three leakage incidents into one standing rule with a test each: anything estimated from data is fitted on train only. That was already written in the modelling notes as a rule; it just was not enforced anywhere.
DRG-100,Story,Test strategy and per-stage regression scope,Sprint 39 (22 Jun - 03 Jul 2026),2026-07-03 15:35:00,geetha.nallamada,Geetha Nallamada,geetha.nallamada@futuristictechnologies.co.uk,Data Analyst,Which is the difference between a lesson and a control. We wrote the rule down in November and still had to remember it.
DRG-101,Story,FastAPI service and forecast endpoint,Sprint 38 (08 Jun - 19 Jun 2026),2026-06-10 10:30:00,devendranath.singam,Devendranath Singam,devendranath.singam@futuristictechnologies.co.uk,DevOps Engineer,"Readiness separate from health. A container that is up but has no model loaded should not receive traffic, and conflating the two is how you serve 500s to a load balancer that thinks everything is fine."
DRG-101,Story,FastAPI service and forecast endpoint,Sprint 38 (08 Jun - 19 Jun 2026),2026-06-24 11:15:00,neha.chauhan,Neha Chauhan,neha.chauhan@futuristictechnologies.co.uk,QA Analyst,"Reviewed the contract before the implementation was finished, which was the right order. Asked for the error shape to be specified too - a documented success response and an undocumented failure response is half a contract."
DRG-102,Story,"Stress, scenario and explanation endpoints",Sprint 39 (22 Jun - 03 Jul 2026),2026-07-08 10:40:00,devendranath.singam,Devendranath Singam,devendranath.singam@futuristictechnologies.co.uk,DevOps Engineer,"Rejecting out-of-range scenario parameters rather than extrapolating. A 100% adoption request would return a number, and that number would be outside anything the simulation was sanity-checked against."
DRG-102,Story,"Stress, scenario and explanation endpoints",Sprint 39 (22 Jun - 03 Jul 2026),2026-07-15 14:20:00,neha.chauhan,Neha Chauhan,neha.chauhan@futuristictechnologies.co.uk,QA Analyst,"Tested the boundaries. It refuses cleanly with a message naming the valid range, which is what an integrator needs rather than a stack trace."
DRG-103,Bug,API responses omitted the model version,Sprint 40 (06 Jul - 17 Jul 2026),2026-07-06 11:35:00,neha.chauhan,Neha Chauhan,neha.chauhan@futuristictechnologies.co.uk,QA Analyst,Raising it against the contract rather than the code - the OpenAPI schema promised a version field and the responses did not carry one. Those disagreeing is the actual defect.
DRG-103,Bug,API responses omitted the model version,Sprint 40 (06 Jul - 17 Jul 2026),2026-07-09 09:50:00,devendranath.singam,Devendranath Singam,devendranath.singam@futuristictechnologies.co.uk,DevOps Engineer,"Fair, and the contract test is the right fix. Doing it endpoint by endpoint would leave the next endpoint to remember."
DRG-103,Bug,API responses omitted the model version,Sprint 40 (06 Jul - 17 Jul 2026),2026-07-14 14:25:00,neha.chauhan,Neha Chauhan,neha.chauhan@futuristictechnologies.co.uk,QA Analyst,"Contract test asserts it across every route, including ones added later. Verified."
DRG-104,Story,Scenario comparison page,Sprint 39 (22 Jun - 03 Jul 2026),2026-07-01 10:20:00,divya.maram,Divya Maram,divya.maram@futuristictechnologies.co.uk,Data Analyst,Putting the diversity number on the page rather than in a tooltip. It is the most defensible thing we have found and it is also the thing most likely to be lost if the page only shows the scary total.
DRG-104,Story,Scenario comparison page,Sprint 39 (22 Jun - 03 Jul 2026),2026-07-10 15:55:00,geetha.nallamada,Geetha Nallamada,geetha.nallamada@futuristictechnologies.co.uk,Data Analyst,"Accepted. A planner can now see the amplification, where in the day it lands, and the per-device assumptions behind it, in one view."
DRG-105,Story,Model registry,Sprint 40 (06 Jul - 17 Jul 2026),2026-07-16 10:30:00,devendranath.singam,Devendranath Singam,devendranath.singam@futuristictechnologies.co.uk,DevOps Engineer,Built on the DRG-63 metadata rather than inventing a second format. The registry is an index over artefacts that already describe themselves.
DRG-106,Story,Model promotion gate,Sprint 40 (06 Jul - 17 Jul 2026),2026-07-08 10:20:00,geetha.nallamada,Geetha Nallamada,geetha.nallamada@futuristictechnologies.co.uk,Data Analyst,"Stress F1 with no tolerance at all, unlike MAE. The whole platform exists to detect stress, and trading that away for average error is precisely the trade we must not make silently."
DRG-106,Story,Model promotion gate,Sprint 40 (06 Jul - 17 Jul 2026),2026-07-20 11:30:00,neha.chauhan,Neha Chauhan,neha.chauhan@futuristictechnologies.co.uk,QA Analyst,Added the feature-spec check Neha raised in onboarding - the artefact declares its features and the gate asserts the serving path supplies exactly those. It caught a column ordering difference on the first run.
DRG-106,Story,Model promotion gate,Sprint 40 (06 Jul - 17 Jul 2026),2026-07-24 15:45:00,devendranath.singam,Devendranath Singam,devendranath.singam@futuristictechnologies.co.uk,DevOps Engineer,"Gate live. And it blocked a promotion within a fortnight, which is the point - see DRG-107."
DRG-107,Bug,A retrained model improved MAE and got worse at stress,Sprint 41 (20 Jul - 31 Jul 2026),2026-07-27 10:35:00,devendranath.singam,Devendranath Singam,devendranath.singam@futuristictechnologies.co.uk,DevOps Engineer,"Filing this as a bug so the reasoning is recorded somewhere findable, though the system behaved correctly. Without the gate we would have shipped a better-looking model that was worse at the job."
DRG-107,Bug,A retrained model improved MAE and got worse at stress,Sprint 41 (20 Jul - 31 Jul 2026),2026-07-29 09:40:00,geetha.nallamada,Geetha Nallamada,geetha.nallamada@futuristictechnologies.co.uk,Data Analyst,This is the clearest possible justification for putting stress F1 in the gate with zero tolerance. A single headline metric would have promoted it and nobody would have noticed until an event was missed.
DRG-107,Bug,A retrained model improved MAE and got worse at stress,Sprint 41 (20 Jul - 31 Jul 2026),2026-08-05 11:15:00,neha.chauhan,Neha Chauhan,neha.chauhan@futuristictechnologies.co.uk,QA Analyst,"Adding a regression test that constructs exactly this case - better MAE, worse F1 - and asserts the gate refuses it. Otherwise a future refactor could relax the gate and nothing would catch it."
DRG-107,Bug,A retrained model improved MAE and got worse at stress,Sprint 41 (20 Jul - 31 Jul 2026),2026-08-07 15:05:00,geetha.nallamada,Geetha Nallamada,geetha.nallamada@futuristictechnologies.co.uk,Data Analyst,Retrain window reweighted and the next candidate passed on both. Keeping this ticket linked from the MLOps epic as the worked example.
DRG-108,Story,SHAP explanation page,Sprint 41 (20 Jul - 31 Jul 2026),2026-07-29 10:40:00,divya.maram,Divya Maram,divya.maram@futuristictechnologies.co.uk,Data Analyst,The attribution-not-causation note is on the page rather than in documentation. Someone will otherwise read 'lag_336 drives 39% of demand' as a statement about the world instead of about the model.
DRG-109,Story,Regression pack: data and features,Sprint 40 (06 Jul - 17 Jul 2026),2026-07-14 10:20:00,neha.chauhan,Neha Chauhan,neha.chauhan@futuristictechnologies.co.uk,QA Analyst,"The clock-change case is a fixture that spans both October and March, so the assertion is exercised rather than theoretical. It is cheap and it covers the defect that started this project's data quality work."
DRG-109,Story,Regression pack: data and features,Sprint 40 (06 Jul - 17 Jul 2026),2026-07-24 16:05:00,divya.maram,Divya Maram,divya.maram@futuristictechnologies.co.uk,Data Analyst,Determinism assertion is the one I am most glad of. It is the property everything else quietly depends on.
DRG-110,Bug,Dashboard served one neighbourhood's data under another's label,Sprint 41 (20 Jul - 31 Jul 2026),2026-07-21 11:30:00,neha.chauhan,Neha Chauhan,neha.chauhan@futuristictechnologies.co.uk,QA Analyst,"Found it by clicking through the sites in order and noticing the peak did not move. Two of the four sites have similar magnitudes, so on those it is genuinely undetectable by eye."
DRG-110,Bug,Dashboard served one neighbourhood's data under another's label,Sprint 41 (20 Jul - 31 Jul 2026),2026-07-23 09:45:00,divya.maram,Divya Maram,divya.maram@futuristictechnologies.co.uk,Data Analyst,"A cache key missing part of its input, which is the same class of defect as the API missing its version field - the identity of the thing was incomplete."
DRG-110,Bug,Dashboard served one neighbourhood's data under another's label,Sprint 41 (20 Jul - 31 Jul 2026),2026-07-29 14:15:00,neha.chauhan,Neha Chauhan,neha.chauhan@futuristictechnologies.co.uk,QA Analyst,"Fixed and covered. The smoke test asserts the data changes, not just that the page renders."
DRG-111,Story,Azure infrastructure as Bicep,Sprint 41 (20 Jul - 31 Jul 2026),2026-07-30 10:30:00,devendranath.singam,Devendranath Singam,devendranath.singam@futuristictechnologies.co.uk,DevOps Engineer,"Bicep over Terraform here specifically because of the ML workspace. The first-party templates for AML are simply better maintained, and this estate is entirely Azure so the portability argument does not apply."
DRG-111,Story,Azure infrastructure as Bicep,Sprint 41 (20 Jul - 31 Jul 2026),2026-08-12 11:20:00,devendranath.singam,Devendranath Singam,devendranath.singam@futuristictechnologies.co.uk,DevOps Engineer,"Managed identity throughout. No connection strings in configuration means no connection strings to leak, and it removes the rotation problem entirely."
DRG-111,Story,Azure infrastructure as Bicep,Sprint 41 (20 Jul - 31 Jul 2026),2026-08-14 15:35:00,sabitha.lingala,Sabitha Lingala,sabitha.lingala@futuristictechnologies.co.uk,Project Coordinator,Deploys clean into the non-production subscription. Recording in the RAID log that the shared environment risk from January is now closed.
DRG-112,Story,Azure ML training job,Sprint 42 (03 Aug - 14 Aug 2026),2026-08-19 10:40:00,devendranath.singam,Devendranath Singam,devendranath.singam@futuristictechnologies.co.uk,DevOps Engineer,Same code path locally and in AML. A separate cloud training script is how the two silently diverge and the cloud model stops matching what was validated.
DRG-113,Story,Managed online endpoint for scoring,Sprint 43 (17 Aug - 28 Aug 2026),2026-08-26 11:15:00,devendranath.singam,Devendranath Singam,devendranath.singam@futuristictechnologies.co.uk,DevOps Engineer,The scoring path shares feature construction with training rather than reimplementing it. Training-serving skew from two copies of the same logic is the classic way a deployed model quietly stops matching its evaluation.
DRG-113,Story,Managed online endpoint for scoring,Sprint 43 (17 Aug - 28 Aug 2026),2026-09-07 14:30:00,devendranath.singam,Devendranath Singam,devendranath.singam@futuristictechnologies.co.uk,DevOps Engineer,Endpoint deploys and scores. Verification script and the traffic-shift step are what remain.
DRG-114,Task,Infrastructure cost pass,Sprint 43 (17 Aug - 28 Aug 2026),2026-08-20 10:20:00,devendranath.singam,Devendranath Singam,devendranath.singam@futuristictechnologies.co.uk,DevOps Engineer,The compute that was going to cost the most was AML idling. Low-priority with aggressive deallocation takes training cost down to something that is genuinely rounding error for a nightly job.
DRG-114,Task,Infrastructure cost pass,Sprint 43 (17 Aug - 28 Aug 2026),2026-08-28 15:05:00,sabitha.lingala,Sabitha Lingala,sabitha.lingala@futuristictechnologies.co.uk,Project Coordinator,"Attached to the August stakeholder report. Non-production comes in under the threshold that would need a conversation, which is the practical test."
DRG-115,Task,BA onboarding - Amit Shinde,Sprint 43 (17 Aug - 28 Aug 2026),2026-08-25 15:20:00,amit.shinde,Amit Shinde,amit.shinde@futuristictechnologies.co.uk,Business Analyst,"Started with the objectives table in the README, which maps each proposal objective to the module that answers it. That is an unusually good front door - most projects make you infer that mapping."
DRG-115,Task,BA onboarding - Amit Shinde,Sprint 43 (17 Aug - 28 Aug 2026),2026-08-28 11:30:00,amit.shinde,Amit Shinde,amit.shinde@futuristictechnologies.co.uk,Business Analyst,"Halfway through the stakeholder conversations. The recurring theme is not doubt about the numbers, it is that different groups want different cuts - planners want per-substation, sustainability wants carbon, the academic partner wants the method. One dashboard is currently trying to be all three."
DRG-115,Task,BA onboarding - Amit Shinde,Sprint 43 (17 Aug - 28 Aug 2026),2026-09-04 15:35:00,amit.shinde,Amit Shinde,amit.shinde@futuristictechnologies.co.uk,Business Analyst,"Gap list done. Nine items: four already answered by something they had not seen, three genuine gaps, and two that are out of scope by design - power flow and adoption forecasting - which need saying clearly rather than being left open."
DRG-115,Task,BA onboarding - Amit Shinde,Sprint 43 (17 Aug - 28 Aug 2026),2026-09-04 16:00:00,geetha.nallamada,Geetha Nallamada,geetha.nallamada@futuristictechnologies.co.uk,Data Analyst,Those last two are exactly the non-goals from DRG-31. Good to have them confirmed as live stakeholder expectations rather than hypothetical ones.
DRG-116,Story,Regression pack: models and stress,Sprint 42 (03 Aug - 14 Aug 2026),2026-08-14 10:30:00,neha.chauhan,Neha Chauhan,neha.chauhan@futuristictechnologies.co.uk,QA Analyst,"Asserting the baseline is present in the comparison, not just that it scores well. The failure mode is someone dropping it from the table for looking bad, and then no result is anchored to anything."
DRG-117,Story,Replay page,Sprint 42 (03 Aug - 14 Aug 2026),2026-08-26 10:40:00,divya.maram,Divya Maram,divya.maram@futuristictechnologies.co.uk,Data Analyst,Labelling it as replay prominently. A convincing operational view of historical data is exactly the thing that gets mistaken for a live system in a demo.
DRG-118,Story,Business requirements refresh,Sprint 44 (31 Aug - 11 Sep 2026),2026-09-03 10:30:00,amit.shinde,Amit Shinde,amit.shinde@futuristictechnologies.co.uk,Business Analyst,Most of this is not gap-filling. The document describes an ambition and the code has since answered it more precisely - the refresh is mostly replacing intentions with findings.
DRG-118,Story,Business requirements refresh,Sprint 44 (31 Aug - 11 Sep 2026),2026-09-08 11:20:00,amit.shinde,Amit Shinde,amit.shinde@futuristictechnologies.co.uk,Business Analyst,"Two thirds through. The diversity result is the clearest example: nobody asked for it, and it is arguably the most planning-relevant thing here."
DRG-119,Story,Requirements traceability matrix,Sprint 44 (31 Aug - 11 Sep 2026),2026-09-07 14:20:00,amit.shinde,Amit Shinde,amit.shinde@futuristictechnologies.co.uk,Business Analyst,"Twenty-one of twenty-six requirements traced. Two have a dashboard view and no test, which Neha is picking up, and one has a test and no view - the sensitivity results are computed and reported but there is nowhere to look at them, which is DRG-122."
DRG-119,Story,Requirements traceability matrix,Sprint 44 (31 Aug - 11 Sep 2026),2026-09-08 09:50:00,neha.chauhan,Neha Chauhan,neha.chauhan@futuristictechnologies.co.uk,QA Analyst,Taking the two untested ones into the simulation pack this sprint.
DRG-120,Story,Regression pack: simulation and scenarios,Sprint 44 (31 Aug - 11 Sep 2026),2026-09-02 10:20:00,neha.chauhan,Neha Chauhan,neha.chauhan@futuristictechnologies.co.uk,QA Analyst,"The combined-below-additive assertion is the one I care most about, because it encodes a physical fact rather than a coding expectation. If it ever fails, something real has changed."
DRG-120,Story,Regression pack: simulation and scenarios,Sprint 44 (31 Aug - 11 Sep 2026),2026-09-08 15:30:00,neha.chauhan,Neha Chauhan,neha.chauhan@futuristictechnologies.co.uk,QA Analyst,"Sampling, determinism and threshold stability are in and passing. ADMD range checks are what remain."
DRG-121,Story,UAT pack and stakeholder sign-off,Sprint 44 (31 Aug - 11 Sep 2026),2026-09-08 15:45:00,neha.chauhan,Neha Chauhan,neha.chauhan@futuristictechnologies.co.uk,QA Analyst,"Expected results come from the requirements rather than from what the dashboard currently shows. Deriving them from the dashboard tests that it agrees with itself, which it always will."
DRG-121,Story,UAT pack and stakeholder sign-off,Sprint 44 (31 Aug - 11 Sep 2026),2026-09-08 16:00:00,amit.shinde,Amit Shinde,amit.shinde@futuristictechnologies.co.uk,Business Analyst,I will facilitate and take sign-offs into the matrix. Network planning first - they have the most at stake in the scenario numbers.
DRG-122,Story,Sensitivity page,Sprint 44 (31 Aug - 11 Sep 2026),2026-09-07 14:30:00,amit.shinde,Amit Shinde,amit.shinde@futuristictechnologies.co.uk,Business Analyst,"Flagging this from the traceability work - the sensitivity requirement is delivered in code and invisible in the product, which is the one row with a test and no view."
DRG-123,Story,Scheduled retrain,Sprint 44 (31 Aug - 11 Sep 2026),2026-09-04 11:20:00,devendranath.singam,Devendranath Singam,devendranath.singam@futuristictechnologies.co.uk,DevOps Engineer,"Retrain is scheduled, promotion is gated. Automating the retrain is safe; automating the promotion would mean the DRG-107 model shipped itself at 3am."
DRG-124,Task,Monitoring and alerting with a named owner,Sprint 44 (31 Aug - 11 Sep 2026),2026-09-07 09:50:00,devendranath.singam,Devendranath Singam,devendranath.singam@futuristictechnologies.co.uk,DevOps Engineer,"The infrastructure creates the action group already. Nothing routes to it, and that is deliberate rather than unfinished."
DRG-124,Task,Monitoring and alerting with a named owner,Sprint 44 (31 Aug - 11 Sep 2026),2026-09-08 10:15:00,sabitha.lingala,Sabitha Lingala,sabitha.lingala@futuristictechnologies.co.uk,Project Coordinator,"This is an organisational decision, not a technical one, and it is on the October steering agenda. Recording it in the RAID log as the largest open operational gap."
DRG-125,Story,Operator runbook panel,Sprint 44 (31 Aug - 11 Sep 2026),2026-09-08 11:50:00,geetha.nallamada,Geetha Nallamada,geetha.nallamada@futuristictechnologies.co.uk,Data Analyst,"'What it does not mean' is the important half. A stress alarm is not a capacity breach, and an operator acting as though it were would be acting on a claim we have never made."
DRG-126,Story,Probabilistic forecasts with prediction intervals,,2026-05-18 10:35:00,geetha.nallamada,Geetha Nallamada,geetha.nallamada@futuristictechnologies.co.uk,Data Analyst,"Raising it at the point of deciding not to do it, with the trigger written down."
DRG-126,Story,Probabilistic forecasts with prediction intervals,,2026-09-08 10:40:00,amit.shinde,Amit Shinde,amit.shinde@futuristictechnologies.co.uk,Business Analyst,Asked twice in my stakeholder conversations. Moving it up the backlog for the October planning.
DRG-127,Story,Network topology and power flow integration,,2026-02-24 10:45:00,sabitha.lingala,Sabitha Lingala,sabitha.lingala@futuristictechnologies.co.uk,Project Coordinator,"Recording it as a backlog item rather than leaving it as a non-goal only, so the boundary is visible as a choice with a route past it rather than as a permanent limitation."
DRG-127,Story,Network topology and power flow integration,,2026-09-04 16:10:00,amit.shinde,Amit Shinde,amit.shinde@futuristictechnologies.co.uk,Business Analyst,"Two stakeholder groups expect this. Worth being explicit with them that it is out of scope by design today, and what it would take."
DRG-128,Story,Scale beyond four neighbourhoods,,2026-06-08 10:30:00,geetha.nallamada,Geetha Nallamada,geetha.nallamada@futuristictechnologies.co.uk,Data Analyst,"The shared-model finding from DRG-59 was tested on four sites. It is not safe to assume it holds at a hundred, and that is the first thing to check rather than the last."
DRG-129,Story,Drift detection on the live feed,,2026-08-11 11:35:00,neha.chauhan,Neha Chauhan,neha.chauhan@futuristictechnologies.co.uk,QA Analyst,Raising it now so the run history is retained in a shape that makes it possible later. Discovering in six months that we discarded the baseline would be annoying.
DRG-130,Story,Shadow deployment for candidate models,,2026-08-07 15:30:00,devendranath.singam,Devendranath Singam,devendranath.singam@futuristictechnologies.co.uk,DevOps Engineer,Raised off the back of the blocked promotion. The gate made the right call on the evidence it had; shadow traffic would have told us whether it was right in production too.
